Rowan,U,Raymond,758-8230 Imperdiet Av.,Erie,PA,37029,quam.Curabitur.vel@Curabituregestasnunc.net
# Tad,C,Schultz,Ap #103-8727 Mauris, Ave,Tuscaloosa,AL,36601,orci.luctus@posuereenim.co.uk
# Rahim,G,Lucas,P.O. Box 667, 1975 Nunc, St.,Tucson,AZ,85631,blandit.Nam@ut.org
# Drake,V,Macias,Ap #483-3679 Non Avenue,Bowling Green,KY,97117,luctus.felis.purus@mollis.org
# Erasmus,L,Hunter,554-2797 Felis Street,Rock Springs,WY,43737,et.rutrum@dolorsitamet.co.uk
# Adrienne,O,Maynard,Ap #324-8821 Imperdiet Ave,Rutland,VT,97279,erat.vitae@aliquam.edu
# Yasir,B,Campbell,668-1105 Ante. Rd.,Salem,OR,35448,nulla.at@aauctor.edu
# Gail,C,Armstrong,874-5489 At Road,Topeka,KS,76920,egestas.a@eget.org
# Miranda,W,Mcconnell,P.O. Box 430, 9450 Est, Rd.,Wichita,KS,16826,vulputate.lacus.Cras@estmollis.net
# Wyatt,S,Lewis,Ap #554-3309 Luctus Avenue,Des Moines,IA,84339,quis.urna@gravida.org
# Lucian,X,Bean,8441 Aliquet. St.,Las Vegas,NV,62531,orci.in@famesacturpis.org
# Caldwell,E,Flowers,Ap #914-4979 Malesuada Avenue,Laramie,WY,76959,Aliquam.rutrum.lorem@ullamcorperviverraMaecenas.edu
# Hayley,Z,Berger,P.O. Box 412, 4672 Sociis Rd.,Dallas,TX,43087,hendrerit@amet.co.uk
# Nicole,V,Daniels,Ap #491-8853 Pulvinar Rd.,Norman,OK,67034,pede.Nunc.sed@sit.org
# Maxine,L,Mcbride,Ap #852-3738 Dis Av.,Gaithersburg,MD,65703,Nam@congueturpisIn.co.uk
# Rylee,B,Bell,500-8509 Lectus Street,Hilo,HI,79809,ac@luctus.ca
# Cheryl,T,Bass,665-8268 Semper St.,Dallas,TX,32143,et.malesuada.fames@ac.ca
# Baker,F,Calhoun,647-8130 Aliquet St.,Iowa City,IA,89396,non.leo@aultricies.com
# Ian,W,Contreras,2651 Scelerisque Av.,Springfield,MA,45620,nisi.Mauris.nulla@neceuismod.net
# Forrest,R,Snyder,7589 Dictum Street,Olathe,KS,90528,dictum.cursus@nulla.com
# Regina,M,Sharp,678-9058 Etiam Av.,Frederick,MD,59096,nunc.id.enim@dictumeleifendnunc.edu
# Honorato,L,Soto,P.O. Box 353, 6555 Aliquam Road,Newark,DE,19544,ante.bibendum@consequat.ca
# Quinn,S,Dodson,P.O. Box 319, 5287 Amet St.,Grand Island,NE,14469,sit.amet@pretium.co.uk
# TaShya,Z,Reid,P.O. Box 935, 8643 Tempor Road,Hattiesburg,MS,89968,arcu.Nunc.mauris@ascelerisquesed.co.uk
# Kane,G,Bennett,6076 Nisi Road,Laramie,WY,37437,erat.Vivamus.nisi@posuereat.com
# Dai,X,Nichols,666-8353 Nunc St.,Huntsville,AL,35667,varius.Nam@semperpretiumneque.net
# Morgan,J,Baldwin,9968 Aliquam Ave,Fort Wayne,IN,13728,imperdiet.nec@cubiliaCurae.co.uk
# Cody,D,Sanders,788-283 Scelerisque St.,Columbus,OH,16722,odio@Aenean.net
# William,L,Frederick,P.O. Box 368, 9900 Nam Road,Lawton,OK,73942,pharetra@ridiculusmus.co.uk
# Noah,E,Finley,P.O. Box 915, 5652 Aliquam Rd.,Reno,NV,32861,mi.eleifend.egestas@felisDonec.net
# Robert,N,Mueller,Ap #710-5636 Nulla. Rd.,Bozeman,MT,92342,Duis@magna.net
# Salvador,L,Daniel,P.O. Box 775, 7202 Elementum Rd.,Auburn,ME,75369,Cum@accumsaninterdum.edu
# Illana,V,Mclaughlin,652-808 Lorem Rd.,Fayetteville,AR,71100,tellus@arcu.ca
# Hayes,V,Cline,Ap #774-5998 Ipsum Rd.,Clarksville,TN,10875,aliquam@etmalesuada.ca
# Thomas,M,Gibson,907-1106 Aliquam Rd.,Portland,ME,61779,vel.turpis.Aliquam@Nulla.com

# 36,Rashad,I,Mathis,6910 Leo. Av.,Duluth,MN,61025,nunc.est.mollis@aliquamadipiscing.net
# 37,Robin,L,Barrett,9934 Nulla. St.,Erie,PA,48045,lobortis@nectempusscelerisque.com
# 38,Marshall,Q,Wheeler,207-4310 Auctor Rd.,Spokane,WA,35927,Suspendisse.sagittis.Nullam@semPellentesqueut.ca
# 39,Carissa,C,Nguyen,5151 Duis St.,Montpelier,VT,33527,lorem.Donec@liberolacusvarius.ca
# 40,Brynn,N,Herrera,769-5022 Amet, Street,Flint,MI,38993,erat.neque@necligulaconsectetuer.org
# 41,Reagan,O,Ford,1128 Donec Av.,Biloxi,MS,49356,erat.volutpat.Nulla@Duis.ca
# 42,Ivy,Z,Burch,P.O. Box 973, 5552 Quis Road,Newark,DE,59240,elementum@tinciduntnunc.ca
# 43,Salvador,D,Landry,1284 Rhoncus. Rd.,Sandy,UT,35360,in.cursus.et@aliquetodioEtiam.co.uk
# 44,Peter,J,Frost,1277 Commodo Rd.,Pocatello,ID,49941,Donec.tincidunt@ut.com
# 45,Cooper,N,Atkinson,278-890 Dictum Rd.,Pike Creek,DE,66374,mi.lacinia.mattis@Duis.com
# 46,Cedric,U,Mcintyre,Ap #667-3722 Pellentesque Ave,Chesapeake,VA,94741,massa.lobortis.ultrices@metus.com
# 47,Lucas,U,Benson,889-8237 Molestie Street,Topeka,KS,90903,eu.nibh@nonante.com
# 48,Helen,J,French,262-1510 Accumsan St.,Rock Springs,WY,63712,eu@nibh.net
# 49,Brenda,B,Guy,265-7281 Accumsan Road,Green Bay,WI,71289,accumsan.interdum@liberonec.org
# 50,Ursula,C,Moody,P.O. Box 184, 6450 Sem Road,San Diego,CA,96402,dolor.vitae.dolor@ac.org
# 51,Indigo,H,Horton,P.O. Box 488, 1687 Sem. Rd.,West Jordan,UT,98973,magna.Nam.ligula@sagittissemperNam.ca
# 52,Stone,D,Savage,Ap #813-1214 Nunc Rd.,Glendale,AZ,85086,Proin.nisl@erosturpis.edu
# 53,Ivor,R,Ward,Ap #782-2922 Quam, Ave,Jacksonville,FL,64928,Quisque.porttitor@ornaretortorat.net
# 54,Devin,H,Martinez,Ap #927-3035 Vel Street,Louisville,KY,70194,mollis.dui.in@Naminterdum.co.uk
# 55,Hanna,L,Bonner,Ap #470-6943 Malesuada Rd.,Grand Rapids,MI,89288,elementum@sollicitudincommodoipsum.co.uk
# 56,Thor,D,Lowe,Ap #238-4518 Luctus St.,Richmond,VA,92829,Curabitur@dui.org
# 57,Hilel,T,Franklin,Ap #252-3002 Eget St.,Aurora,IL,60315,ligula@faucibusut.co.uk
# 58,Ava,F,Adkins,P.O. Box 896, 7166 Erat Road,Akron,OH,52386,ipsum.primis@dolorFusce.net
# 59,Winter,Y,Goodwin,448-7029 Hendrerit St.,San Jose,CA,95074,metus.vitae@Quisque.ca
# 60,Ingrid,R,Hammond,717-912 Cursus St.,Fort Worth,TX,35682,eros.Proin@nisi.edu
# 61,Aphrodite,R,Day,Ap #766-2518 Condimentum. St.,Cincinnati,OH,75118,dictum.magna.Ut@gravidanunc.co.uk
# 62,Hillary,X,Alvarez,P.O. Box 811, 4790 Mollis. Av.,Casper,WY,48267,Sed@nasceturridiculusmus.co.uk
# 63,Pamela,L,Spears,7569 Hendrerit St.,Akron,OH,67795,ac@acnullaIn.co.uk
# 64,Thor,J,Hunt,769-9163 Suscipit Ave,Glendale,AZ,85827,ornare@vitae.net
# 65,Jana,U,Ayala,P.O. Box 823, 5383 Gravida. Road,Tallahassee,FL,93243,risus.a@utlacusNulla.co.uk
# 66,Brent,H,Thompson,881 Dolor. Avenue,Indianapolis,IN,52407,vel@et.edu
# 67,Jin,Q,Mills,Ap #345-3098 Curabitur St.,Los Angeles,CA,96424,nonummy.ipsum@nulla.net
# 68,Joan,T,Finley,P.O. Box 497, 975 In Rd.,Philadelphia,PA,62983,Donec@accumsan.edu
# 69,Griffin,D,Peck,7332 Libero Rd.,Miami,FL,86829,fermentum.arcu@urnajusto.net
# 70,Quail,J,Vance,Ap #623-2788 Enim. Av.,St. Petersburg,FL,35074,eu.euismod@orciUt.net
# 71,Calista,N,Thomas,P.O. Box 533, 8369 Malesuada Ave,Anchorage,AK,99657,amet@Phasellusin.ca
# 72,Herrod,T,Welch,270-2466 Molestie Av.,Aurora,CO,86775,Maecenas.libero.est@idblandit.ca
# 73,Bruce,U,Little,8547 Non, St.,Kaneohe,HI,69258,quam.a@Sed.edu
# 74,Lunea,T,Cameron,7360 Tempor Rd.,Missoula,MT,19121,accumsan.laoreet@vitaerisus.ca
# 75,Anthony,X,Murray,377-8550 Sapien Ave,Columbia,MO,67526,orci.in.consequat@ligula.org
# 76,Charles,R,Mcfarland,504-1949 Urna. St.,Clarksville,TN,36169,Maecenas@ullamcorpernislarcu.org
# 77,Ivana,T,Garner,660-5129 Risus St.,Orlando,FL,50099,Aliquam.fringilla@convallisligulaDonec.co.uk
# 78,Uma,T,Parker,872-7843 Nulla Rd.,Wichita,KS,19703,rhoncus.Donec@urnaconvalliserat.org
# 79,Kennedy,M,Mcbride,534-9324 Eget, St.,Davenport,IA,83810,nisi@eu.com
# 80,Cedric,E,Mcneil,264-5885 Sit Street,Missoula,MT,79085,mi.eleifend.egestas@milacinia.ca
# 81,Cassidy,F,Merrill,4605 Eu St.,West Valley City,UT,81693,ac@laciniaorci.org
# 82,Guinevere,U,Ryan,377-8590 Ante Rd.,Billings,MT,68468,enim.Mauris@nullamagnamalesuada.ca
# 83,Cooper,H,Mclaughlin,7274 Mauris Street,Gaithersburg,MD,25207,nascetur.ridiculus@lobortisultricesVivamus.org
# 84,Christopher,W,Norris,960-7550 Diam St.,Clarksville,TN,85971,nec.imperdiet.nec@urnaetarcu.ca
# 85,Ann,W,Mercer,Ap #328-4014 Dictum Rd.,Rutland,VT,77588,magna.malesuada@vulputate.com
# 86,Richard,G,Farley,Ap #424-1612 Donec Ave,Cambridge,MA,36926,enim@idante.ca
# 87,Otto,B,Brooks,9282 Nulla St.,Davenport,IA,50941,aliquam.adipiscing@mattisIntegereu.org
# 88,Rinah,X,Yates,149-9384 A, Rd.,Boise,ID,42218,ornare.sagittis.felis@etmalesuada.org
# 89,Donovan,F,Hammond,Ap #665-7617 Magna. Avenue,Broken Arrow,OK,44503,non.egestas@elementumloremut.edu
# 90,Cadman,Z,Jones,237-3192 Inceptos Rd.,Minneapolis,MN,32124,dignissim.lacus@consectetueripsumnunc.org
# 91,Maile,H,Cotton,Ap #263-7015 Nunc Rd.,Carson City,NV,80022,Vivamus.euismod.urna@estNunc.ca
# 92,Lamar,Y,Myers,P.O. Box 644, 3913 Neque. Rd.,Shreveport,LA,18622,enim.Mauris@Integer.org
# 93,Laura,U,Harrell,141-9175 Nibh. Ave,Hillsboro,OR,31668,nec.tempus@Nunccommodoauctor.co.uk
# 94,Carissa,R,Hyde,7198 Duis Road,Annapolis,MD,63258,Lorem.ipsum@Aliquam.co.uk
# 95,Clayton,N,Ruiz,P.O. Box 875, 8699 Fringilla Rd.,New Haven,CT,94389,lacinia@asollicitudinorci.edu
# 96,Jaime,O,Trujillo,P.O. Box 601, 9523 Etiam St.,Atlanta,GA,52621,lobortis.nisi.nibh@ante.org
# 97,Charde,I,Silva,P.O. Box 470, 9515 Tristique St.,Newport News,VA,15140,turpis.egestas.Aliquam@ipsumSuspendisse.org
# 98,TaShya,P,Kent,966-9173 Integer Rd.,Gresham,OR,70569,lobortis@hendreritidante.ca
# 99,Pascale,W,Mckee,Ap #184-2934 Sit Ave,Springdale,AR,71518,Fusce.aliquam@utaliquam.ca
# 100,Cooper,J,Joyner,P.O. Box 426, 4816 Tellus. Rd.,Jonesboro,AR,71484,arcu.Vestibulum@adipiscinglacus.com
